,Q,U,V,W
0,11420.0,830.0,1412.0,78.0
1,11419.0,820.0,1419.0,86.0
2,11422.0,826.0,1417.0,109.0
3,11434.0,820.0,1429.0,1.0
4,11426.0,829.0,1415.0,60.0
5,11422.0,830.0,1413.0,158.0
6,11426.0,817.0,1424.0,81.0
7,11404.0,824.0,1403.0,136.0
8,11421.0,836.0,1406.0,98.0
9,11391.0,810.0,1395.0,148.0
10,11395.0,818.0,1395.0,103.0
11,11380.0,818.0,1384.0,128.0
12,11367.0,799.0,1380.0,184.0
13,11372.0,817.0,1373.0,53.0
14,11360.0,800.0,1375.0,15.0
15,11380.0,803.0,1391.0,135.0
16,11350.0,808.0,1359.0,99.0
17,11366.0,800.0,1380.0,82.0
18,11383.0,818.0,1381.0,17.0
19,11394.0,821.0,1390.0,107.0
20,11378.0,798.0,1384.0,61.0
21,11355.0,807.0,1362.0,143.0
22,11368.0,808.0,1373.0,104.0
23,11353.0,800.0,1367.0,121.0
24,11357.0,807.0,1362.0,111.0
25,11368.0,822.0,1365.0,113.0
26,11375.0,814.0,1367.0,118.0
27,11365.0,809.0,1362.0,-36.0
28,11351.0,796.0,1362.0,170.0
29,11362.0,818.0,1354.0,174.0
30,11362.0,816.0,1358.0,116.0
31,11371.0,804.0,1363.0,81.0
32,11380.0,812.0,1367.0,80.0
33,11340.0,806.0,1333.0,39.0
34,11374.0,809.0,1362.0,182.0
35,11358.0,800.0,1345.0,101.0
36,11366.0,810.0,1347.0,179.0
37,11348.0,812.0,1327.0,105.0
38,11361.0,803.0,1340.0,86.0
39,11374.0,806.0,1344.0,78.0
40,11364.0,818.0,1332.0,85.0
41,11363.0,784.0,1341.0,175.0
42,11359.0,798.0,1331.0,141.0
43,11334.0,810.0,1298.0,72.0
44,11357.0,790.0,1328.0,145.0
45,11355.0,786.0,1323.0,127.0
46,11349.0,786.0,1315.0,147.0
47,11347.0,782.0,1312.0,128.0
48,11366.0,788.0,1323.0,233.0
49,11368.0,797.0,1319.0,147.0
50,11384.0,795.0,1325.0,154.0
51,11374.0,802.0,1313.0,99.0
52,11374.0,787.0,1315.0,128.0
53,11385.0,795.0,1321.0,141.0
54,11383.0,798.0,1310.0,157.0
55,11357.0,781.0,1298.0,134.0
56,11383.0,788.0,1310.0,98.0
57,11398.0,803.0,1312.0,87.0
58,11391.0,797.0,1309.0,82.0
59,11384.0,783.0,1304.0,160.0
60,11404.0,788.0,1318.0,115.0
61,11374.0,782.0,1289.0,155.0
62,11383.0,776.0,1301.0,151.0
63,11410.0,804.0,1300.0,72.0
64,11398.0,786.0,1301.0,130.0
65,11410.0,792.0,1302.0,137.0
66,11406.0,799.0,1292.0,96.0
67,11394.0,794.0,1280.0,126.0
68,11397.0,781.0,1286.0,65.0
69,11379.0,780.0,1268.0,166.0
70,11396.0,796.0,1274.0,174.0
71,11396.0,778.0,1276.0,149.0
72,11385.0,779.0,1268.0,138.0
73,11387.0,790.0,1257.0,132.0
74,11394.0,783.0,1265.0,95.0
75,11382.0,778.0,1253.0,120.0
76,11382.0,785.0,1250.0,144.0
77,11386.0,777.0,1249.0,136.0
78,11388.0,776.0,1251.0,101.0
79,11387.0,789.0,1240.0,50.0
80,11380.0,792.0,1226.0,48.0
81,11382.0,788.0,1229.0,44.0
82,11393.0,800.0,1225.0,104.0
83,11395.0,798.0,1229.0,87.0
84,11391.0,789.0,1224.0,91.0
85,11406.0,802.0,1229.0,84.0
86,11414.0,800.0,1235.0,26.0
87,11427.0,812.0,1232.0,87.0
88,11425.0,805.0,1234.0,53.0
89,11438.0,809.0,1238.0,15.0
90,11449.0,822.0,1240.0,37.0
91,11453.0,823.0,1239.0,40.0
92,11455.0,816.0,1235.0,43.0
93,11463.0,824.0,1240.0,87.0
94,11470.0,822.0,1242.0,55.0
95,11481.0,818.0,1250.0,51.0
96,11494.0,831.0,1251.0,81.0
97,11499.0,826.0,1252.0,74.0
98,11501.0,826.0,1256.0,81.0
99,11515.0,832.0,1256.0,83.0
100,11520.0,828.0,1264.0,29.0
101,11525.0,831.0,1262.0,21.0
102,11532.0,840.0,1262.0,48.0
103,11543.0,837.0,1266.0,28.0
104,11546.0,837.0,1265.0,18.0
105,11554.0,847.0,1267.0,65.0
106,11566.0,845.0,1272.0,29.0
107,11568.0,840.0,1275.0,15.0
108,11580.0,853.0,1273.0,36.0
109,11584.0,850.0,1274.0,14.0
110,11589.0,846.0,1278.0,18.0
111,11596.0,854.0,1274.0,28.0
112,11602.0,850.0,1283.0,-4.0
113,11607.0,854.0,1279.0,25.0
114,11613.0,860.0,1276.0,28.0
115,11616.0,847.0,1284.0,10.0
116,11618.0,856.0,1276.0,36.0
117,11630.0,856.0,1287.0,-8.0
118,11633.0,855.0,1286.0,1.0
119,11636.0,865.0,1278.0,5.0
120,11648.0,856.0,1292.0,1.0
121,11655.0,867.0,1287.0,22.0
122,11666.0,865.0,1298.0,16.0
123,11673.0,863.0,1300.0,6.0
124,11672.0,871.0,1289.0,34.0
125,11683.0,862.0,1303.0,0.0
126,11690.0,872.0,1297.0,39.0
127,11696.0,866.0,1306.0,19.0
128,11703.0,876.0,1304.0,48.0
129,11708.0,867.0,1306.0,35.0
130,11710.0,870.0,1299.0,78.0
131,11721.0,865.0,1312.0,30.0
132,11725.0,875.0,1304.0,61.0
133,11732.0,869.0,1308.0,38.0
134,11740.0,873.0,1310.0,61.0
135,11738.0,866.0,1308.0,37.0
136,11751.0,876.0,1308.0,42.0
137,11752.0,869.0,1304.0,23.0
138,11759.0,874.0,1309.0,55.0
139,11763.0,880.0,1304.0,41.0
140,11772.0,877.0,1309.0,29.0
141,11784.0,882.0,1313.0,46.0
142,11788.0,878.0,1314.0,20.0
143,11798.0,882.0,1316.0,43.0
144,11804.0,891.0,1310.0,49.0
145,11806.0,883.0,1315.0,39.0
146,11812.0,879.0,1317.0,34.0
147,11822.0,889.0,1315.0,57.0
148,11829.0,887.0,1322.0,31.0
149,11840.0,892.0,1326.0,44.0
150,11844.0,893.0,1321.0,73.0
151,11860.0,888.0,1331.0,41.0
152,11862.0,896.0,1329.0,56.0
153,11868.0,899.0,1329.0,34.0
154,11877.0,890.0,1333.0,25.0
155,11884.0,898.0,1330.0,72.0
156,11892.0,894.0,1334.0,46.0
157,11902.0,899.0,1341.0,75.0
158,11904.0,887.0,1342.0,49.0
159,11916.0,895.0,1342.0,61.0
160,11924.0,889.0,1348.0,41.0
161,11932.0,886.0,1348.0,24.0
162,11947.0,899.0,1355.0,33.0
163,11947.0,885.0,1354.0,18.0
164,11956.0,896.0,1350.0,49.0
165,11966.0,887.0,1354.0,43.0
166,11969.0,890.0,1355.0,34.0
167,11980.0,889.0,1361.0,27.0
168,11988.0,895.0,1356.0,65.0
169,11994.0,891.0,1359.0,13.0
170,12000.0,887.0,1363.0,32.0
171,12011.0,896.0,1363.0,49.0
172,12015.0,892.0,1360.0,53.0
173,12022.0,889.0,1363.0,21.0
174,12034.0,890.0,1368.0,33.0
175,12032.0,900.0,1358.0,36.0
176,12046.0,893.0,1364.0,0.0
177,12048.0,902.0,1355.0,37.0
178,12050.0,891.0,1355.0,39.0
179,12065.0,901.0,1362.0,49.0
180,12068.0,904.0,1360.0,49.0
181,12080.0,896.0,1366.0,11.0
182,12082.0,902.0,1360.0,34.0
183,12093.0,901.0,1359.0,42.0
184,12098.0,897.0,1361.0,10.0
185,12104.0,899.0,1361.0,32.0
186,12112.0,904.0,1361.0,17.0
187,12119.0,903.0,1364.0,-14.0
188,12127.0,907.0,1360.0,-1.0
189,12135.0,911.0,1359.0,15.0
190,12144.0,908.0,1363.0,-3.0
191,12150.0,908.0,1360.0,13.0
192,12160.0,916.0,1358.0,17.0
193,12166.0,914.0,1359.0,4.0
194,12173.0,905.0,1360.0,-13.0
195,12176.0,910.0,1355.0,-1.0
196,12188.0,918.0,1356.0,17.0
197,12191.0,916.0,1355.0,4.0
198,12206.0,910.0,1362.0,-11.0
199,12213.0,915.0,1366.0,28.0
200,12224.0,921.0,1366.0,18.0
201,12235.0,917.0,1374.0,-2.0
202,12242.0,918.0,1371.0,-2.0
203,12252.0,924.0,1370.0,3.0
204,12251.0,918.0,1369.0,-10.0
205,12260.0,919.0,1370.0,-13.0
206,12266.0,918.0,1367.0,30.0
207,12276.0,922.0,1368.0,13.0
208,12288.0,919.0,1375.0,-7.0
209,12293.0,928.0,1368.0,5.0
210,12298.0,919.0,1369.0,-21.0
211,12306.0,922.0,1369.0,1.0
212,12316.0,927.0,1369.0,-19.0
213,12321.0,919.0,1375.0,-11.0
214,12335.0,927.0,1377.0,-12.0
215,12343.0,922.0,1381.0,-23.0
216,12350.0,930.0,1377.0,-4.0
217,12358.0,921.0,1382.0,-28.0
218,12370.0,926.0,1385.0,-10.0
219,12382.0,934.0,1385.0,-17.0
220,12385.0,919.0,1388.0,-23.0
221,12399.0,928.0,1389.0,-6.0
222,12405.0,921.0,1392.0,-23.0
223,12422.0,923.0,1397.0,-28.0
224,12425.0,928.0,1391.0,-30.0
225,12435.0,920.0,1401.0,-67.0
226,12442.0,927.0,1398.0,-36.0
227,12451.0,928.0,1401.0,-40.0
228,12457.0,920.0,1403.0,-83.0
229,12469.0,924.0,1405.0,-53.0
230,12482.0,930.0,1404.0,-46.0
231,12492.0,926.0,1409.0,-48.0
232,12506.0,920.0,1420.0,-84.0
233,12512.0,925.0,1418.0,-86.0
234,12525.0,931.0,1418.0,-81.0
235,12537.0,936.0,1421.0,-99.0
236,12545.0,927.0,1424.0,-111.0
237,12553.0,933.0,1422.0,-77.0
238,12571.0,938.0,1430.0,-56.0
239,12578.0,936.0,1434.0,-81.0
240,12584.0,930.0,1433.0,-84.0
241,12587.0,938.0,1427.0,-45.0
242,12597.0,932.0,1430.0,-69.0
243,12607.0,929.0,1440.0,-87.0
244,12621.0,933.0,1440.0,-55.0
245,12629.0,937.0,1440.0,-51.0
246,12639.0,927.0,1444.0,-86.0
247,12642.0,929.0,1446.0,-57.0
248,12653.0,931.0,1447.0,-62.0
249,12659.0,926.0,1450.0,-86.0
250,12672.0,933.0,1451.0,-97.0
251,12679.0,936.0,1452.0,-79.0
252,12689.0,934.0,1456.0,-104.0
253,12694.0,929.0,1455.0,-126.0
254,12705.0,937.0,1454.0,-106.0
255,12713.0,934.0,1459.0,-103.0
256,12720.0,933.0,1463.0,-148.0
257,12728.0,936.0,1459.0,-126.0
258,12740.0,939.0,1462.0,-135.0
259,12750.0,933.0,1469.0,-155.0
260,12760.0,946.0,1467.0,-143.0
261,12758.0,930.0,1465.0,-168.0
262,12770.0,939.0,1464.0,-155.0
263,12781.0,941.0,1472.0,-169.0
264,12782.0,931.0,1472.0,-170.0
265,12790.0,942.0,1467.0,-165.0
266,12790.0,931.0,1464.0,-178.0
267,12802.0,933.0,1474.0,-175.0
268,12817.0,938.0,1475.0,-149.0
269,12826.0,936.0,1478.0,-171.0
270,12831.0,934.0,1484.0,-198.0
271,12840.0,937.0,1482.0,-165.0
272,12839.0,935.0,1478.0,-186.0
273,12847.0,927.0,1484.0,-198.0
274,12856.0,935.0,1484.0,-174.0
275,12859.0,924.0,1484.0,-211.0
276,12862.0,925.0,1481.0,-188.0
277,12868.0,930.0,1484.0,-165.0
278,12874.0,918.0,1487.0,-214.0
279,12881.0,930.0,1481.0,-183.0
280,12885.0,919.0,1490.0,-208.0
281,12889.0,922.0,1486.0,-197.0
282,12906.0,929.0,1489.0,-183.0
283,12908.0,919.0,1495.0,-229.0
284,12907.0,925.0,1487.0,-190.0
285,12915.0,921.0,1486.0,-200.0
286,12926.0,919.0,1498.0,-223.0
287,12934.0,928.0,1493.0,-207.0
288,12936.0,921.0,1491.0,-210.0
289,12944.0,920.0,1499.0,-226.0
290,12949.0,923.0,1493.0,-193.0
291,12956.0,918.0,1496.0,-215.0
292,12962.0,922.0,1500.0,-201.0
293,12965.0,921.0,1495.0,-193.0
294,12975.0,916.0,1500.0,-223.0
295,12975.0,918.0,1498.0,-165.0
296,12984.0,915.0,1501.0,-195.0
297,12985.0,916.0,1496.0,-171.0
298,12998.0,915.0,1505.0,-161.0
299,13000.0,907.0,1508.0,-183.0
300,13004.0,909.0,1503.0,-142.0
301,13004.0,902.0,1506.0,-200.0
302,13014.0,901.0,1507.0,-166.0
303,13012.0,907.0,1498.0,-157.0
304,13019.0,894.0,1508.0,-190.0
305,13032.0,907.0,1507.0,-177.0
306,13045.0,909.0,1511.0,-182.0
307,13043.0,899.0,1513.0,-216.0
308,13055.0,911.0,1512.0,-172.0
309,13062.0,903.0,1513.0,-200.0
310,13065.0,902.0,1516.0,-203.0
311,13072.0,905.0,1514.0,-166.0
312,13082.0,901.0,1518.0,-219.0
313,13093.0,902.0,1517.0,-194.0
314,13096.0,904.0,1521.0,-200.0
315,13102.0,901.0,1522.0,-221.0
316,13114.0,908.0,1519.0,-190.0
317,13120.0,906.0,1527.0,-186.0
318,13125.0,897.0,1527.0,-211.0
319,13133.0,907.0,1522.0,-181.0
320,13140.0,900.0,1532.0,-177.0
321,13148.0,898.0,1533.0,-204.0
322,13155.0,902.0,1528.0,-174.0
323,13162.0,899.0,1537.0,-212.0
324,13166.0,892.0,1536.0,-215.0
325,13177.0,903.0,1533.0,-177.0
326,13178.0,895.0,1537.0,-220.0
327,13179.0,891.0,1534.0,-216.0
328,13179.0,894.0,1525.0,-168.0
329,13191.0,887.0,1536.0,-196.0
330,13192.0,887.0,1532.0,-193.0
331,13195.0,888.0,1525.0,-174.0
332,13201.0,885.0,1532.0,-206.0
333,13207.0,879.0,1533.0,-207.0
334,13210.0,889.0,1525.0,-172.0
335,13221.0,884.0,1533.0,-176.0
336,13231.0,883.0,1538.0,-191.0
337,13230.0,880.0,1530.0,-176.0
338,13233.0,884.0,1529.0,-152.0
339,13243.0,880.0,1533.0,-157.0
340,13246.0,870.0,1532.0,-178.0
341,13249.0,876.0,1533.0,-155.0
342,13257.0,877.0,1529.0,-156.0
343,13262.0,877.0,1533.0,-157.0
344,13268.0,868.0,1535.0,-190.0
345,13266.0,870.0,1528.0,-191.0
346,13277.0,873.0,1532.0,-160.0
347,13285.0,876.0,1531.0,-148.0
348,13289.0,867.0,1538.0,-188.0
349,13293.0,868.0,1534.0,-189.0
350,13294.0,868.0,1534.0,-161.0
351,13301.0,874.0,1530.0,-164.0
352,13299.0,862.0,1531.0,-184.0
353,13310.0,863.0,1535.0,-185.0
354,13311.0,862.0,1528.0,-144.0
355,13314.0,866.0,1530.0,-146.0
356,13321.0,865.0,1531.0,-153.0
357,13321.0,856.0,1534.0,-159.0
358,13324.0,861.0,1529.0,-131.0
359,13332.0,860.0,1526.0,-141.0
360,13334.0,856.0,1532.0,-167.0
361,13344.0,857.0,1533.0,-160.0
362,13345.0,857.0,1526.0,-141.0
363,13349.0,858.0,1531.0,-152.0
364,13352.0,849.0,1530.0,-157.0
365,13359.0,854.0,1533.0,-155.0
366,13364.0,854.0,1530.0,-142.0
367,13372.0,850.0,1533.0,-179.0
368,13371.0,850.0,1533.0,-194.0
369,13377.0,853.0,1529.0,-163.0
370,13382.0,852.0,1533.0,-151.0
371,13385.0,840.0,1534.0,-167.0
372,13392.0,847.0,1530.0,-154.0
373,13396.0,848.0,1531.0,-164.0
374,13395.0,843.0,1528.0,-171.0
375,13399.0,835.0,1534.0,-180.0
376,13409.0,845.0,1531.0,-151.0
377,13416.0,845.0,1537.0,-172.0
378,13415.0,834.0,1534.0,-183.0
379,13420.0,839.0,1536.0,-172.0
380,13420.0,837.0,1529.0,-156.0
381,13420.0,835.0,1531.0,-174.0
382,13424.0,831.0,1530.0,-180.0
383,13424.0,826.0,1533.0,-180.0
384,13424.0,831.0,1525.0,-165.0
385,13433.0,832.0,1528.0,-156.0
386,13434.0,830.0,1526.0,-182.0
387,13435.0,827.0,1530.0,-174.0
388,13437.0,824.0,1524.0,-171.0
389,13433.0,827.0,1522.0,-145.0
390,13440.0,829.0,1521.0,-175.0
391,13444.0,816.0,1529.0,-187.0
392,13446.0,823.0,1522.0,-189.0
393,13445.0,817.0,1515.0,-167.0
394,13444.0,813.0,1519.0,-179.0
395,13451.0,820.0,1516.0,-193.0
396,13450.0,814.0,1516.0,-193.0
397,13451.0,809.0,1514.0,-222.0
398,13454.0,820.0,1512.0,-192.0
399,13452.0,809.0,1509.0,-207.0
400,13459.0,813.0,1507.0,-224.0
401,13459.0,819.0,1505.0,-180.0
402,13458.0,810.0,1502.0,-217.0
403,13463.0,808.0,1506.0,-225.0
404,13453.0,805.0,1494.0,-183.0
405,13467.0,813.0,1494.0,-201.0
406,13468.0,807.0,1501.0,-218.0
407,13469.0,805.0,1494.0,-194.0
408,13474.0,813.0,1496.0,-187.0
409,13477.0,802.0,1495.0,-224.0
410,13481.0,809.0,1497.0,-217.0
411,13483.0,813.0,1490.0,-198.0
412,13491.0,810.0,1495.0,-230.0
413,13486.0,806.0,1489.0,-223.0
414,13501.0,811.0,1494.0,-199.0
415,13492.0,807.0,1487.0,-202.0
416,13500.0,804.0,1493.0,-210.0
417,13506.0,810.0,1488.0,-175.0
418,13503.0,808.0,1482.0,-180.0
419,13504.0,799.0,1486.0,-227.0
420,13509.0,807.0,1484.0,-178.0
421,13503.0,797.0,1478.0,-202.0
422,13504.0,792.0,1481.0,-199.0
423,13513.0,802.0,1478.0,-196.0
424,13505.0,797.0,1472.0,-196.0
425,13513.0,796.0,1476.0,-212.0
426,13520.0,797.0,1481.0,-208.0
427,13515.0,798.0,1469.0,-179.0
428,13516.0,800.0,1471.0,-175.0
429,13519.0,789.0,1470.0,-227.0
430,13526.0,793.0,1475.0,-233.0
431,13523.0,800.0,1464.0,-183.0
432,13530.0,792.0,1471.0,-207.0
433,13532.0,790.0,1469.0,-229.0
434,13539.0,797.0,1471.0,-208.0
435,13535.0,794.0,1463.0,-202.0
436,13539.0,788.0,1469.0,-243.0
437,13541.0,788.0,1463.0,-245.0
438,13553.0,796.0,1463.0,-215.0
439,13546.0,788.0,1465.0,-238.0
440,13552.0,788.0,1461.0,-220.0
441,13552.0,793.0,1457.0,-214.0
442,13557.0,780.0,1460.0,-240.0
443,13555.0,786.0,1452.0,-224.0
444,13560.0,794.0,1452.0,-206.0
445,13564.0,783.0,1453.0,-233.0
446,13566.0,784.0,1457.0,-208.0
447,13567.0,787.0,1447.0,-200.0
448,13572.0,784.0,1447.0,-236.0
449,13571.0,785.0,1445.0,-220.0
450,13573.0,794.0,1436.0,-199.0
451,13579.0,788.0,1444.0,-251.0
452,13582.0,792.0,1437.0,-248.0
453,13578.0,804.0,1430.0,-235.0
454,13594.0,799.0,1436.0,-265.0
455,13586.0,806.0,1427.0,-229.0
456,13587.0,807.0,1420.0,-256.0
457,13592.0,807.0,1424.0,-247.0
458,13598.0,815.0,1416.0,-214.0
459,13601.0,810.0,1416.0,-231.0
460,13607.0,816.0,1418.0,-229.0
461,13611.0,819.0,1412.0,-236.0
462,13620.0,817.0,1422.0,-245.0
463,13625.0,821.0,1415.0,-212.0
464,13634.0,829.0,1418.0,-206.0
465,13640.0,826.0,1420.0,-228.0
466,13639.0,827.0,1417.0,-198.0
467,13643.0,836.0,1410.0,-165.0
468,13648.0,832.0,1414.0,-191.0
469,13655.0,837.0,1411.0,-229.0
470,13658.0,840.0,1410.0,-183.0
471,13662.0,851.0,1402.0,-193.0
472,13663.0,843.0,1408.0,-217.0
473,13673.0,846.0,1406.0,-213.0
474,13674.0,856.0,1404.0,-195.0
475,13676.0,847.0,1402.0,-229.0
476,13672.0,850.0,1398.0,-203.0
477,13673.0,858.0,1388.0,-186.0
478,13678.0,850.0,1393.0,-212.0
479,13680.0,851.0,1390.0,-200.0
480,13687.0,862.0,1389.0,-153.0
481,13684.0,853.0,1386.0,-177.0
482,13687.0,850.0,1385.0,-219.0
483,13687.0,855.0,1380.0,-175.0
484,13691.0,857.0,1377.0,-175.0
485,13686.0,852.0,1376.0,-171.0
486,13690.0,851.0,1372.0,-145.0
487,13695.0,860.0,1371.0,-144.0
488,13696.0,853.0,1373.0,-195.0
489,13708.0,853.0,1372.0,-175.0
490,13708.0,865.0,1368.0,-158.0
491,13710.0,862.0,1365.0,-210.0
492,13705.0,851.0,1366.0,-225.0
493,13705.0,856.0,1357.0,-202.0
494,13713.0,857.0,1361.0,-175.0
495,13707.0,853.0,1354.0,-221.0
496,13708.0,857.0,1355.0,-244.0
497,13713.0,864.0,1346.0,-135.0
498,13720.0,868.0,1351.0,-114.0
499,13726.0,865.0,1350.0,-146.0
500,13728.0,868.0,1350.0,-129.0
501,13732.0,880.0,1340.0,-155.0
502,13733.0,877.0,1343.0,-199.0
503,13743.0,876.0,1343.0,-202.0
504,13741.0,881.0,1340.0,-210.0
505,13740.0,877.0,1338.0,-188.0
506,13744.0,876.0,1339.0,-208.0
507,13756.0,893.0,1334.0,-203.0
508,13754.0,879.0,1333.0,-205.0
509,13758.0,881.0,1336.0,-233.0
510,13763.0,894.0,1328.0,-226.0
511,13755.0,908.0,1315.0,-184.0
512,13758.0,903.0,1313.0,-190.0
513,13782.0,915.0,1326.0,-227.0
514,13797.0,932.0,1322.0,-134.0
515,13794.0,933.0,1319.0,-130.0
516,13793.0,937.0,1312.0,-172.0
517,13804.0,946.0,1317.0,-163.0
518,13801.0,950.0,1304.0,-148.0
519,13796.0,946.0,1302.0,-136.0
520,13801.0,940.0,1306.0,-169.0
521,13813.0,953.0,1303.0,-159.0
522,13820.0,960.0,1303.0,-188.0
523,13824.0,960.0,1302.0,-165.0
524,13830.0,970.0,1301.0,-156.0
525,13838.0,984.0,1296.0,-130.0
526,13836.0,975.0,1291.0,-149.0
527,13838.0,973.0,1295.0,-155.0
528,13844.0,982.0,1290.0,-115.0
529,13843.0,984.0,1286.0,-120.0
530,13851.0,983.0,1289.0,-117.0
531,13853.0,986.0,1291.0,-141.0
532,13855.0,991.0,1281.0,-132.0
533,13862.0,1000.0,1283.0,-83.0
534,13860.0,1006.0,1274.0,-96.0
535,13873.0,1007.0,1278.0,-154.0
536,13871.0,1008.0,1273.0,-186.0
537,13872.0,1023.0,1266.0,-127.0
538,13867.0,1030.0,1255.0,-115.0
539,13874.0,1021.0,1258.0,-96.0
540,13884.0,1027.0,1264.0,-78.0
541,13892.0,1032.0,1262.0,-8.0
542,13903.0,1027.0,1272.0,-60.0
543,13913.0,1033.0,1270.0,-134.0
544,13907.0,1050.0,1258.0,-117.0
545,13901.0,1047.0,1247.0,-97.0
546,13900.0,1043.0,1250.0,-99.0
547,13903.0,1046.0,1247.0,-57.0
548,13915.0,1062.0,1248.0,-59.0
549,13914.0,1060.0,1240.0,-69.0
550,13927.0,1057.0,1253.0,-107.0
551,13928.0,1061.0,1248.0,-183.0
552,13946.0,1083.0,1247.0,-100.0
553,13932.0,1082.0,1233.0,7.0
554,13932.0,1081.0,1235.0,-13.0
555,13941.0,1088.0,1231.0,-71.0
556,13951.0,1078.0,1243.0,16.0
557,13943.0,1083.0,1229.0,-57.0
558,13949.0,1095.0,1231.0,-76.0
559,13978.0,1119.0,1235.0,-26.0
560,13973.0,1119.0,1231.0,1.0
561,13990.0,1117.0,1238.0,-26.0
562,13980.0,1117.0,1233.0,2.0
563,13988.0,1125.0,1230.0,61.0
564,13992.0,1135.0,1227.0,31.0
565,14008.0,1134.0,1234.0,-27.0
566,14013.0,1155.0,1226.0,-21.0
567,14022.0,1147.0,1236.0,43.0
568,14049.0,1164.0,1241.0,-13.0
569,14042.0,1153.0,1240.0,10.0
570,14063.0,1169.0,1241.0,85.0
571,14026.0,1169.0,1215.0,6.0
572,14051.0,1170.0,1227.0,-2.0
573,14045.0,1169.0,1226.0,8.0
574,14075.0,1172.0,1240.0,29.0
575,14081.0,1188.0,1239.0,54.0
576,14080.0,1189.0,1234.0,43.0
577,14110.0,1199.0,1254.0,-22.0
578,14140.0,1217.0,1257.0,15.0
579,14096.0,1187.0,1242.0,40.0
580,14122.0,1189.0,1254.0,-62.0
581,14132.0,1204.0,1258.0,66.0
582,14164.0,1214.0,1272.0,66.0
583,14148.0,1212.0,1262.0,83.0
584,14175.0,1224.0,1269.0,146.0
585,14194.0,1230.0,1283.0,75.0
586,14202.0,1230.0,1286.0,74.0
587,14211.0,1234.0,1294.0,182.0
588,14225.0,1239.0,1296.0,99.0
589,14223.0,1228.0,1298.0,-25.0
590,14231.0,1233.0,1297.0,-116.0
591,14255.0,1254.0,1298.0,-120.0
592,14231.0,1245.0,1285.0,-15.0
593,14261.0,1242.0,1303.0,83.0
594,14262.0,1245.0,1305.0,186.0
595,14251.0,1243.0,1298.0,160.0
596,14256.0,1235.0,1303.0,55.0
597,14265.0,1242.0,1306.0,85.0
598,14265.0,1250.0,1299.0,64.0
599,14271.0,1239.0,1301.0,51.0
600,14272.0,1237.0,1305.0,72.0
601,14273.0,1242.0,1297.0,121.0
602,14267.0,1240.0,1296.0,88.0
603,14274.0,1236.0,1298.0,70.0
604,14277.0,1237.0,1302.0,70.0
605,14279.0,1240.0,1294.0,72.0
606,14287.0,1238.0,1303.0,68.0
607,14284.0,1231.0,1300.0,94.0
608,14291.0,1240.0,1301.0,129.0
609,14287.0,1237.0,1295.0,100.0
610,14285.0,1230.0,1300.0,61.0
611,14297.0,1236.0,1300.0,60.0
612,14307.0,1240.0,1304.0,73.0
613,14313.0,1243.0,1303.0,85.0
614,14317.0,1239.0,1310.0,63.0
615,14321.0,1238.0,1309.0,49.0
616,14328.0,1247.0,1311.0,71.0
617,14335.0,1251.0,1308.0,121.0
618,14335.0,1242.0,1313.0,94.0
619,14333.0,1236.0,1309.0,96.0
620,14342.0,1245.0,1312.0,102.0
621,14344.0,1240.0,1312.0,44.0
622,14347.0,1237.0,1312.0,21.0
623,14354.0,1246.0,1314.0,49.0
624,14361.0,1249.0,1312.0,82.0
625,14364.0,1240.0,1321.0,60.0
626,14363.0,1232.0,1316.0,82.0
627,14369.0,1240.0,1319.0,76.0
628,14369.0,1238.0,1315.0,41.0
629,14368.0,1232.0,1320.0,12.0
630,14379.0,1235.0,1321.0,14.0
631,14382.0,1243.0,1319.0,40.0
632,14388.0,1240.0,1319.0,70.0
633,14394.0,1233.0,1327.0,63.0
634,14392.0,1232.0,1324.0,83.0
635,14394.0,1238.0,1321.0,81.0
636,14395.0,1222.0,1325.0,42.0
637,14403.0,1225.0,1323.0,18.0
638,14409.0,1234.0,1326.0,37.0
639,14416.0,1231.0,1328.0,25.0
640,14422.0,1223.0,1335.0,26.0
641,14426.0,1233.0,1327.0,50.0
642,14426.0,1229.0,1332.0,35.0
643,14433.0,1218.0,1334.0,12.0
644,14443.0,1224.0,1340.0,45.0
645,14447.0,1228.0,1336.0,57.0
646,14453.0,1228.0,1342.0,28.0
647,14454.0,1217.0,1340.0,-4.0
648,14458.0,1217.0,1345.0,-23.0
649,14459.0,1221.0,1339.0,16.0
650,14466.0,1221.0,1342.0,21.0
651,14475.0,1224.0,1342.0,11.0
652,14482.0,1221.0,1351.0,-32.0
653,14481.0,1212.0,1346.0,-36.0
654,14487.0,1219.0,1349.0,-25.0
655,14493.0,1225.0,1344.0,19.0
656,14497.0,1228.0,1348.0,10.0
657,14503.0,1217.0,1354.0,-24.0
658,14502.0,1213.0,1352.0,-11.0
659,14506.0,1223.0,1350.0,2.0
660,14509.0,1220.0,1347.0,14.0
661,14513.0,1216.0,1354.0,-13.0
662,14521.0,1215.0,1355.0,-28.0
663,14525.0,1222.0,1356.0,-5.0
664,14528.0,1218.0,1352.0,6.0
665,14532.0,1214.0,1359.0,-14.0
666,14538.0,1211.0,1360.0,-38.0
667,14540.0,1216.0,1360.0,-34.0
668,14541.0,1217.0,1352.0,-8.0
669,14543.0,1220.0,1353.0,-14.0
670,14551.0,1219.0,1361.0,-27.0
671,14549.0,1207.0,1357.0,-40.0
672,14553.0,1213.0,1359.0,-13.0
673,14557.0,1220.0,1353.0,-11.0
674,14561.0,1218.0,1358.0,-17.0
675,14564.0,1209.0,1363.0,-51.0
676,14571.0,1217.0,1360.0,-24.0
677,14570.0,1220.0,1357.0,-13.0
678,14578.0,1219.0,1360.0,-47.0
679,14586.0,1214.0,1367.0,-40.0
680,14595.0,1224.0,1363.0,-21.0
681,14590.0,1223.0,1362.0,-4.0
682,14594.0,1221.0,1361.0,-52.0
683,14596.0,1211.0,1366.0,-71.0
684,14604.0,1218.0,1362.0,-49.0
685,14607.0,1226.0,1362.0,-10.0
686,14612.0,1224.0,1369.0,-27.0
687,14617.0,1213.0,1371.0,-49.0
688,14621.0,1217.0,1374.0,-37.0
689,14629.0,1227.0,1369.0,-26.0
690,14628.0,1221.0,1372.0,-41.0
691,14635.0,1211.0,1380.0,-83.0
692,14642.0,1219.0,1377.0,-44.0
693,14644.0,1226.0,1376.0,-53.0
694,14648.0,1217.0,1376.0,-73.0
695,14652.0,1213.0,1383.0,-97.0
696,14661.0,1220.0,1387.0,-52.0
697,14666.0,1230.0,1381.0,-55.0
698,14671.0,1222.0,1386.0,-57.0
699,14669.0,1211.0,1386.0,-77.0
700,14669.0,1214.0,1387.0,-53.0
701,14682.0,1215.0,1387.0,-43.0
702,14681.0,1216.0,1388.0,-68.0
703,14689.0,1209.0,1398.0,-88.0
704,14689.0,1212.0,1395.0,-64.0
705,14703.0,1216.0,1400.0,-36.0
706,14707.0,1218.0,1397.0,-39.0
707,14708.0,1209.0,1404.0,-80.0
708,14709.0,1206.0,1401.0,-92.0
709,14714.0,1204.0,1404.0,-56.0
710,14724.0,1212.0,1409.0,-55.0
711,14730.0,1217.0,1406.0,-43.0
712,14735.0,1211.0,1411.0,-54.0
713,14738.0,1210.0,1414.0,-67.0
714,14739.0,1203.0,1416.0,-84.0
715,14741.0,1196.0,1420.0,-104.0
716,14749.0,1205.0,1415.0,-66.0
717,14748.0,1207.0,1415.0,-48.0
718,14754.0,1202.0,1414.0,-81.0
719,14757.0,1201.0,1419.0,-79.0
720,14764.0,1197.0,1428.0,-101.0
721,14767.0,1191.0,1429.0,-98.0
722,14780.0,1192.0,1435.0,-104.0
723,14777.0,1196.0,1427.0,-55.0
724,14785.0,1204.0,1430.0,-51.0
725,14786.0,1192.0,1435.0,-115.0
726,14793.0,1189.0,1437.0,-98.0
727,14802.0,1198.0,1441.0,-104.0
728,14803.0,1194.0,1435.0,-86.0
729,14809.0,1188.0,1446.0,-125.0
730,14814.0,1191.0,1449.0,-138.0
731,14817.0,1198.0,1442.0,-110.0
732,14820.0,1194.0,1444.0,-87.0
733,14817.0,1186.0,1446.0,-131.0
734,14825.0,1190.0,1446.0,-120.0
735,14824.0,1188.0,1444.0,-110.0
736,14827.0,1194.0,1438.0,-93.0
737,14827.0,1192.0,1441.0,-121.0
738,14830.0,1185.0,1449.0,-128.0
739,14834.0,1183.0,1444.0,-124.0
740,14839.0,1192.0,1445.0,-98.0
741,14838.0,1194.0,1438.0,-106.0
742,14840.0,1188.0,1445.0,-117.0
743,14841.0,1178.0,1449.0,-131.0
744,14842.0,1187.0,1440.0,-89.0
745,14839.0,1190.0,1437.0,-101.0
746,14839.0,1183.0,1442.0,-113.0
747,14850.0,1177.0,1445.0,-115.0
748,14850.0,1186.0,1441.0,-90.0
749,14846.0,1183.0,1435.0,-102.0
750,14848.0,1176.0,1441.0,-131.0
751,14847.0,1176.0,1438.0,-97.0
752,14847.0,1184.0,1430.0,-114.0
753,14852.0,1180.0,1438.0,-126.0
754,14848.0,1167.0,1433.0,-133.0
755,14852.0,1177.0,1433.0,-93.0
756,14856.0,1177.0,1437.0,-120.0
757,14862.0,1170.0,1441.0,-122.0
758,14864.0,1169.0,1441.0,-100.0
759,14867.0,1173.0,1440.0,-81.0
760,14864.0,1168.0,1438.0,-109.0
761,14870.0,1163.0,1445.0,-129.0
762,14871.0,1159.0,1441.0,-130.0
763,14872.0,1167.0,1439.0,-108.0
764,14877.0,1169.0,1443.0,-124.0
765,14879.0,1157.0,1443.0,-156.0
766,14890.0,1161.0,1451.0,-165.0
767,14889.0,1167.0,1446.0,-131.0
768,14892.0,1170.0,1443.0,-135.0
769,14894.0,1155.0,1452.0,-165.0
770,14892.0,1159.0,1444.0,-127.0
771,14896.0,1165.0,1444.0,-137.0
772,14903.0,1165.0,1451.0,-178.0
773,14897.0,1149.0,1448.0,-163.0
774,14912.0,1158.0,1455.0,-146.0
775,14914.0,1165.0,1453.0,-151.0
776,14919.0,1161.0,1455.0,-173.0
777,14924.0,1151.0,1463.0,-202.0
778,14931.0,1153.0,1461.0,-184.0
779,14933.0,1159.0,1461.0,-166.0
780,14940.0,1163.0,1465.0,-156.0
781,14951.0,1152.0,1472.0,-180.0
782,14948.0,1151.0,1472.0,-190.0
783,14963.0,1159.0,1479.0,-177.0
784,14972.0,1163.0,1479.0,-155.0
785,14965.0,1160.0,1475.0,-137.0
786,14981.0,1165.0,1478.0,-163.0
787,14982.0,1159.0,1484.0,-184.0
788,14993.0,1157.0,1490.0,-182.0
789,14982.0,1162.0,1475.0,-153.0
790,15005.0,1173.0,1489.0,-143.0
791,15013.0,1170.0,1496.0,-167.0
792,15011.0,1165.0,1493.0,-195.0
793,15015.0,1158.0,1498.0,-192.0
794,15019.0,1163.0,1493.0,-163.0
795,15028.0,1174.0,1495.0,-155.0
796,15027.0,1173.0,1497.0,-170.0
797,15034.0,1166.0,1498.0,-147.0
798,15037.0,1164.0,1503.0,-192.0
799,15039.0,1168.0,1504.0,-171.0
800,15049.0,1179.0,1500.0,-159.0
801,15047.0,1176.0,1498.0,-157.0
802,15046.0,1169.0,1501.0,-179.0
803,15058.0,1169.0,1506.0,-206.0
804,15059.0,1172.0,1507.0,-180.0
805,15063.0,1180.0,1499.0,-177.0
806,15066.0,1180.0,1501.0,-168.0
807,15071.0,1180.0,1506.0,-177.0
808,15082.0,1181.0,1508.0,-193.0
809,15084.0,1178.0,1513.0,-192.0
810,15088.0,1177.0,1516.0,-180.0
811,15095.0,1180.0,1514.0,-185.0
812,15097.0,1184.0,1514.0,-178.0
813,15099.0,1178.0,1515.0,-179.0
814,15104.0,1174.0,1522.0,-196.0
815,15105.0,1179.0,1522.0,-191.0
816,15110.0,1183.0,1515.0,-163.0
817,15107.0,1179.0,1517.0,-170.0
818,15108.0,1173.0,1515.0,-205.0
819,15103.0,1168.0,1516.0,-220.0
820,15110.0,1170.0,1521.0,-221.0
821,15114.0,1174.0,1514.0,-195.0
822,15116.0,1178.0,1515.0,-203.0
823,15120.0,1175.0,1520.0,-221.0
824,15118.0,1170.0,1518.0,-232.0
825,15117.0,1166.0,1517.0,-215.0
826,15121.0,1174.0,1511.0,-173.0
827,15123.0,1172.0,1515.0,-226.0
828,15131.0,1171.0,1524.0,-229.0
829,15138.0,1172.0,1524.0,-243.0
830,15141.0,1166.0,1527.0,-239.0
831,15146.0,1176.0,1526.0,-231.0
832,15147.0,1179.0,1521.0,-218.0
833,15156.0,1185.0,1527.0,-212.0
834,15154.0,1184.0,1521.0,-233.0
835,15162.0,1184.0,1529.0,-241.0
836,15164.0,1174.0,1534.0,-242.0
837,15170.0,1173.0,1533.0,-253.0
838,15168.0,1174.0,1532.0,-244.0
839,15167.0,1180.0,1528.0,-231.0
840,15172.0,1186.0,1525.0,-219.0
841,15178.0,1191.0,1527.0,-254.0
842,15183.0,1188.0,1527.0,-244.0
843,15180.0,1180.0,1529.0,-276.0
844,15180.0,1178.0,1531.0,-287.0
845,15180.0,1179.0,1527.0,-294.0
846,15184.0,1183.0,1529.0,-282.0
847,15197.0,1194.0,1535.0,-284.0
848,15206.0,1200.0,1533.0,-241.0
849,15208.0,1193.0,1536.0,-260.0
850,15212.0,1185.0,1544.0,-282.0
851,15211.0,1187.0,1539.0,-258.0
852,15220.0,1198.0,1539.0,-227.0
853,15221.0,1203.0,1532.0,-232.0
854,15224.0,1199.0,1539.0,-243.0
855,15226.0,1195.0,1544.0,-274.0
856,15231.0,1200.0,1540.0,-251.0
857,15226.0,1197.0,1536.0,-227.0
858,15230.0,1202.0,1531.0,-232.0
859,15228.0,1199.0,1533.0,-247.0
860,15229.0,1194.0,1539.0,-269.0
861,15235.0,1195.0,1537.0,-255.0
862,15237.0,1199.0,1538.0,-250.0
863,15235.0,1204.0,1534.0,-218.0
864,15242.0,1209.0,1531.0,-241.0
865,15240.0,1197.0,1535.0,-240.0
866,15239.0,1188.0,1540.0,-273.0
867,15241.0,1190.0,1536.0,-275.0
868,15241.0,1199.0,1534.0,-253.0
869,15247.0,1204.0,1530.0,-247.0
870,15250.0,1202.0,1536.0,-278.0
871,15251.0,1197.0,1541.0,-293.0
872,15257.0,1199.0,1538.0,-298.0
873,15260.0,1204.0,1537.0,-251.0
874,15263.0,1206.0,1538.0,-262.0
875,15265.0,1199.0,1540.0,-279.0
876,15272.0,1203.0,1544.0,-282.0
877,15280.0,1217.0,1544.0,-263.0
878,15283.0,1217.0,1540.0,-257.0
879,15286.0,1212.0,1547.0,-283.0
880,15288.0,1209.0,1551.0,-295.0
881,15292.0,1211.0,1544.0,-279.0
882,15294.0,1218.0,1544.0,-262.0
883,15294.0,1215.0,1546.0,-289.0
884,15296.0,1211.0,1546.0,-307.0
885,15301.0,1219.0,1547.0,-303.0
886,15300.0,1227.0,1541.0,-289.0
887,15302.0,1219.0,1543.0,-309.0
888,15300.0,1217.0,1545.0,-325.0
889,15305.0,1222.0,1542.0,-283.0
890,15310.0,1224.0,1542.0,-312.0
891,15313.0,1220.0,1548.0,-326.0
892,15311.0,1224.0,1540.0,-307.0
893,15323.0,1234.0,1544.0,-295.0
894,15318.0,1223.0,1548.0,-326.0
895,15312.0,1222.0,1540.0,-307.0
896,15316.0,1225.0,1539.0,-266.0
897,15315.0,1224.0,1541.0,-284.0
898,15316.0,1219.0,1539.0,-309.0
899,15309.0,1221.0,1535.0,-284.0
900,15318.0,1231.0,1537.0,-256.0
901,15318.0,1228.0,1534.0,-282.0
902,15324.0,1219.0,1542.0,-311.0
903,15325.0,1222.0,1543.0,-278.0
904,15320.0,1227.0,1531.0,-277.0
905,15321.0,1229.0,1532.0,-252.0
906,15318.0,1221.0,1536.0,-275.0
907,15320.0,1214.0,1538.0,-272.0
908,15314.0,1219.0,1528.0,-255.0
909,15321.0,1223.0,1532.0,-225.0
910,15323.0,1218.0,1539.0,-274.0
911,15326.0,1212.0,1539.0,-260.0
912,15335.0,1217.0,1541.0,-247.0
913,15330.0,1219.0,1539.0,-241.0
914,15329.0,1209.0,1538.0,-245.0
915,15326.0,1204.0,1540.0,-260.0
916,15327.0,1213.0,1538.0,-237.0
917,15335.0,1211.0,1541.0,-229.0
918,15333.0,1202.0,1542.0,-269.0
919,15341.0,1209.0,1545.0,-240.0
920,15342.0,1215.0,1544.0,-221.0
921,15344.0,1210.0,1542.0,-273.0
922,15346.0,1200.0,1548.0,-273.0
923,15351.0,1209.0,1548.0,-248.0
924,15353.0,1215.0,1547.0,-234.0
925,15361.0,1210.0,1552.0,-273.0
926,15362.0,1211.0,1554.0,-245.0
927,15367.0,1214.0,1552.0,-222.0
928,15370.0,1210.0,1553.0,-237.0
929,15374.0,1206.0,1560.0,-278.0
930,15374.0,1206.0,1562.0,-252.0
931,15379.0,1213.0,1556.0,-252.0
932,15382.0,1220.0,1556.0,-243.0
933,15384.0,1211.0,1561.0,-257.0
934,15382.0,1204.0,1565.0,-248.0
935,15376.0,1200.0,1558.0,-239.0
936,15379.0,1208.0,1556.0,-241.0
937,15387.0,1215.0,1559.0,-240.0
938,15384.0,1212.0,1554.0,-236.0
939,15383.0,1199.0,1559.0,-274.0
940,15390.0,1201.0,1565.0,-282.0
941,15393.0,1210.0,1564.0,-253.0
942,15398.0,1220.0,1556.0,-254.0
943,15394.0,1215.0,1558.0,-267.0
944,15399.0,1210.0,1565.0,-294.0
945,15398.0,1209.0,1561.0,-285.0
946,15404.0,1216.0,1560.0,-246.0
947,15407.0,1221.0,1561.0,-272.0
948,15408.0,1217.0,1564.0,-276.0
949,15409.0,1213.0,1563.0,-312.0
950,15405.0,1218.0,1560.0,-271.0
951,15414.0,1227.0,1563.0,-259.0
952,15411.0,1222.0,1559.0,-292.0
953,15414.0,1215.0,1567.0,-300.0
954,15412.0,1211.0,1565.0,-293.0
955,15416.0,1220.0,1559.0,-257.0
956,15422.0,1224.0,1563.0,-238.0
957,15416.0,1220.0,1563.0,-269.0
958,15412.0,1213.0,1562.0,-286.0
959,15410.0,1206.0,1561.0,-278.0
960,15415.0,1200.0,1567.0,-265.0
961,15418.0,1210.0,1565.0,-249.0
962,15425.0,1216.0,1562.0,-244.0
963,15424.0,1210.0,1567.0,-255.0
964,15421.0,1200.0,1573.0,-275.0
965,15424.0,1193.0,1575.0,-270.0
966,15429.0,1199.0,1571.0,-268.0
967,15427.0,1204.0,1569.0,-255.0
968,15428.0,1203.0,1572.0,-252.0
969,15428.0,1196.0,1570.0,-255.0
970,15426.0,1183.0,1575.0,-280.0
971,15429.0,1186.0,1578.0,-245.0
972,15437.0,1192.0,1582.0,-235.0
973,15439.0,1193.0,1579.0,-237.0
974,15441.0,1188.0,1585.0,-253.0
975,15437.0,1181.0,1588.0,-251.0
976,15444.0,1175.0,1593.0,-253.0
977,15439.0,1177.0,1585.0,-255.0
978,15447.0,1184.0,1588.0,-242.0
979,15446.0,1184.0,1589.0,-241.0
980,15446.0,1178.0,1588.0,-240.0
981,15444.0,1169.0,1594.0,-228.0
982,15447.0,1161.0,1599.0,-230.0
983,15456.0,1164.0,1606.0,-227.0
984,15455.0,1170.0,1598.0,-222.0
985,15463.0,1178.0,1602.0,-232.0
986,15464.0,1179.0,1604.0,-266.0
987,15459.0,1174.0,1602.0,-299.0
988,15455.0,1176.0,1595.0,-284.0
989,15459.0,1180.0,1593.0,-275.0
990,15456.0,1188.0,1589.0,-245.0
991,15458.0,1186.0,1588.0,-255.0
992,15456.0,1183.0,1589.0,-280.0
993,15455.0,1185.0,1589.0,-251.0
994,15450.0,1193.0,1576.0,-222.0
995,15450.0,1200.0,1574.0,-205.0
996,15441.0,1190.0,1575.0,-263.0
997,15434.0,1183.0,1573.0,-261.0
998,15424.0,1185.0,1559.0,-230.0
999,15422.0,1194.0,1555.0,-218.0
1000,15413.0,1186.0,1555.0,-221.0
1001,15409.0,1179.0,1551.0,-249.0
1002,15409.0,1185.0,1549.0,-228.0
1003,15412.0,1192.0,1549.0,-195.0
1004,15411.0,1184.0,1551.0,-223.0
1005,15410.0,1178.0,1548.0,-263.0
1006,15409.0,1179.0,1548.0,-254.0
1007,15405.0,1182.0,1545.0,-222.0
1008,15411.0,1187.0,1548.0,-219.0
1009,15410.0,1181.0,1544.0,-210.0
1010,15409.0,1179.0,1546.0,-234.0
1011,15404.0,1172.0,1548.0,-248.0
1012,15405.0,1176.0,1548.0,-237.0
1013,15400.0,1172.0,1538.0,-205.0
1014,15403.0,1172.0,1542.0,-216.0
1015,15396.0,1163.0,1544.0,-258.0
1016,15410.0,1169.0,1551.0,-241.0
1017,15406.0,1165.0,1544.0,-189.0
1018,15413.0,1167.0,1549.0,-156.0
1019,15413.0,1161.0,1555.0,-184.0
1020,15414.0,1156.0,1553.0,-235.0
1021,15416.0,1156.0,1554.0,-204.0
1022,15415.0,1155.0,1555.0,-184.0
1023,15419.0,1154.0,1561.0,-193.0
1024,15418.0,1144.0,1560.0,-216.0
1025,15416.0,1149.0,1559.0,-202.0
1026,15417.0,1149.0,1557.0,-198.0
1027,15419.0,1142.0,1563.0,-235.0
1028,15413.0,1136.0,1557.0,-244.0
1029,15419.0,1145.0,1558.0,-223.0
1030,15417.0,1140.0,1559.0,-66.0
1031,15420.0,1134.0,1566.0,-93.0
1032,15413.0,1127.0,1561.0,-95.0
1033,15412.0,1126.0,1562.0,-216.0
1034,15413.0,1129.0,1562.0,-186.0
1035,15409.0,1120.0,1567.0,-210.0
1036,15414.0,1116.0,1574.0,-227.0
1037,15409.0,1115.0,1563.0,-199.0
1038,15410.0,1112.0,1568.0,-215.0
1039,15406.0,1101.0,1572.0,-252.0
1040,15405.0,1106.0,1571.0,-265.0
1041,15412.0,1117.0,1572.0,-222.0
1042,15420.0,1114.0,1581.0,-288.0
1043,15428.0,1116.0,1581.0,-280.0
1044,15431.0,1125.0,1579.0,-240.0
1045,15439.0,1132.0,1583.0,-220.0
1046,15438.0,1127.0,1587.0,-263.0
1047,15450.0,1130.0,1595.0,-285.0
1048,15462.0,1139.0,1601.0,-240.0
1049,15450.0,1138.0,1588.0,-235.0
1050,15462.0,1143.0,1594.0,-228.0
1051,15467.0,1142.0,1599.0,-285.0
1052,15465.0,1144.0,1599.0,-283.0
1053,15467.0,1151.0,1597.0,-251.0
1054,15464.0,1162.0,1589.0,-225.0
1055,15468.0,1158.0,1596.0,-218.0
1056,15472.0,1159.0,1599.0,-266.0
1057,15468.0,1158.0,1599.0,-246.0
1058,15479.0,1163.0,1605.0,-206.0
1059,15479.0,1167.0,1602.0,-151.0
1060,15484.0,1163.0,1610.0,-162.0
1061,15479.0,1148.0,1618.0,-181.0
1062,15469.0,1137.0,1620.0,-158.0
1063,15458.0,1131.0,1617.0,-195.0
1064,15460.0,1134.0,1619.0,-142.0
1065,15460.0,1124.0,1620.0,-160.0
1066,15450.0,1117.0,1619.0,-178.0
1067,15450.0,1117.0,1622.0,-180.0
1068,15439.0,1111.0,1619.0,-191.0
1069,15436.0,1104.0,1621.0,-140.0
1070,15428.0,1106.0,1617.0,-130.0
1071,15448.0,1127.0,1624.0,-129.0
1072,15425.0,1100.0,1625.0,-185.0
1073,15420.0,1090.0,1631.0,-228.0
1074,15427.0,1098.0,1626.0,-147.0
1075,15417.0,1089.0,1627.0,-164.0
1076,15420.0,1082.0,1635.0,-200.0
1077,15418.0,1084.0,1634.0,-165.0
1078,15419.0,1078.0,1640.0,-170.0
1079,15408.0,1064.0,1643.0,-187.0
1080,15410.0,1070.0,1646.0,-183.0
1081,15412.0,1072.0,1648.0,-140.0
1082,15405.0,1066.0,1650.0,-142.0
1083,15411.0,1055.0,1656.0,-144.0
1084,15403.0,1050.0,1657.0,-164.0
1085,15408.0,1062.0,1656.0,-168.0
1086,15398.0,1056.0,1655.0,-240.0
1087,15399.0,1061.0,1658.0,-223.0
1088,15403.0,1073.0,1657.0,-186.0
1089,15399.0,1074.0,1655.0,-187.0
1090,15404.0,1070.0,1663.0,-209.0
1091,15393.0,1067.0,1659.0,-151.0
1092,15394.0,1073.0,1661.0,-146.0
1093,15384.0,1066.0,1656.0,-177.0
1094,15382.0,1064.0,1657.0,-206.0
1095,15383.0,1071.0,1656.0,-179.0
1096,15387.0,1078.0,1656.0,-163.0
1097,15387.0,1082.0,1660.0,-199.0
1098,15389.0,1080.0,1665.0,-210.0
1099,15398.0,1081.0,1673.0,-225.0
1100,15403.0,1088.0,1675.0,-226.0
1101,15409.0,1096.0,1677.0,-178.0
1102,15414.0,1100.0,1680.0,-164.0
1103,15399.0,1089.0,1677.0,-166.0
1104,15386.0,1091.0,1666.0,-204.0
1105,15394.0,1098.0,1670.0,-34.0
1106,15396.0,1105.0,1669.0,-9.0
1107,15391.0,1102.0,1668.0,-175.0
1108,15396.0,1100.0,1675.0,-200.0
1109,15401.0,1111.0,1676.0,-160.0
1110,15404.0,1120.0,1676.0,-148.0
1111,15414.0,1119.0,1685.0,-179.0
1112,15403.0,1117.0,1681.0,-193.0
1113,15412.0,1128.0,1682.0,-166.0
1114,15404.0,1127.0,1680.0,-2.0
1115,15405.0,1123.0,1684.0,-188.0
1116,15415.0,1133.0,1688.0,-98.0
1117,15419.0,1136.0,1690.0,-168.0
1118,15414.0,1139.0,1687.0,-143.0
1119,15417.0,1144.0,1689.0,-186.0
1120,15420.0,1142.0,1693.0,-219.0
1121,15427.0,1143.0,1696.0,-156.0
1122,15420.0,1148.0,1690.0,-178.0
1123,15438.0,1156.0,1701.0,-145.0
1124,15436.0,1152.0,1704.0,-204.0
1125,15439.0,1153.0,1708.0,-191.0
1126,15444.0,1158.0,1712.0,-163.0
1127,15449.0,1163.0,1716.0,35.0
1128,15441.0,1159.0,1714.0,-11.0
1129,15437.0,1149.0,1716.0,-35.0
1130,15431.0,1155.0,1711.0,-9.0
1131,15423.0,1157.0,1708.0,5.0
1132,15418.0,1150.0,1714.0,-178.0
1133,15406.0,1143.0,1710.0,-185.0
1134,15407.0,1145.0,1709.0,-141.0
1135,15393.0,1141.0,1704.0,-129.0
1136,15385.0,1132.0,1705.0,-159.0
1137,15389.0,1133.0,1708.0,-140.0
1138,15378.0,1130.0,1702.0,7.0
1139,15371.0,1124.0,1704.0,22.0
1140,15373.0,1118.0,1710.0,-28.0
1141,15363.0,1113.0,1707.0,-58.0
1142,15367.0,1112.0,1716.0,-34.0
1143,15357.0,1107.0,1714.0,-12.0
1144,15348.0,1106.0,1710.0,-44.0
1145,15345.0,1103.0,1711.0,-180.0
1146,15347.0,1096.0,1718.0,-179.0
1147,15348.0,1095.0,1724.0,-35.0
1148,15344.0,1091.0,1722.0,-19.0
1149,15338.0,1088.0,1721.0,-136.0
1150,15335.0,1079.0,1726.0,-159.0
1151,15336.0,1079.0,1735.0,-177.0
1152,15333.0,1083.0,1732.0,-153.0
1153,15332.0,1084.0,1736.0,-8.0
1154,15333.0,1071.0,1745.0,-35.0
1155,15322.0,1059.0,1744.0,-58.0
1156,15324.0,1064.0,1745.0,-47.0
1157,15328.0,1065.0,1750.0,-28.0
1158,15325.0,1056.0,1755.0,-144.0
1159,15314.0,1045.0,1757.0,-203.0
1160,15309.0,1045.0,1761.0,-93.0
1161,15311.0,1055.0,1758.0,-78.0
1162,15310.0,1063.0,1756.0,-54.0
1163,15312.0,1068.0,1756.0,-58.0
1164,15302.0,1064.0,1753.0,-92.0
1165,15297.0,1064.0,1750.0,-247.0
1166,15303.0,1075.0,1750.0,-213.0
1167,15307.0,1081.0,1753.0,-191.0
1168,15303.0,1075.0,1755.0,-221.0
1169,15296.0,1079.0,1749.0,-213.0
1170,15303.0,1090.0,1751.0,-185.0
1171,15295.0,1086.0,1750.0,-73.0
1172,15296.0,1086.0,1752.0,-106.0
1173,15293.0,1091.0,1749.0,-76.0
1174,15292.0,1099.0,1747.0,-52.0
1175,15291.0,1099.0,1749.0,-57.0
1176,15288.0,1096.0,1755.0,-73.0
1177,15283.0,1096.0,1751.0,-117.0
1178,15273.0,1104.0,1741.0,-166.0
1179,15264.0,1102.0,1737.0,-169.0
1180,15262.0,1096.0,1741.0,-176.0
1181,15261.0,1102.0,1739.0,-134.0
1182,15262.0,1111.0,1737.0,-150.0
1183,15265.0,1112.0,1741.0,-45.0
1184,15260.0,1105.0,1743.0,-75.0
1185,15248.0,1106.0,1742.0,-186.0
1186,15254.0,1114.0,1744.0,-79.0
1187,15253.0,1110.0,1748.0,-57.0
1188,15247.0,1108.0,1746.0,-89.0
1189,15249.0,1119.0,1744.0,-19.0
1190,15250.0,1122.0,1743.0,-165.0
1191,15242.0,1114.0,1744.0,-200.0
1192,15237.0,1118.0,1740.0,-136.0
1193,15237.0,1124.0,1739.0,1.0
1194,15224.0,1117.0,1737.0,-58.0
1195,15226.0,1120.0,1744.0,-43.0
1196,15225.0,1130.0,1740.0,3.0
1197,15220.0,1122.0,1742.0,-41.0
1198,15213.0,1126.0,1737.0,-21.0
1199,15210.0,1132.0,1732.0,-121.0
1200,15207.0,1127.0,1735.0,-119.0
1201,15210.0,1126.0,1738.0,2.0
1202,15214.0,1141.0,1735.0,22.0
1203,15218.0,1140.0,1740.0,-2.0
1204,15207.0,1134.0,1737.0,-58.0
1205,15208.0,1143.0,1737.0,-24.0
1206,15215.0,1156.0,1742.0,-17.0
1207,15214.0,1150.0,1746.0,-34.0
1208,15217.0,1159.0,1745.0,-32.0
1209,15220.0,1165.0,1747.0,-27.0
1210,15223.0,1165.0,1750.0,-72.0
1211,15219.0,1172.0,1746.0,-38.0
1212,15227.0,1185.0,1747.0,-27.0
1213,15227.0,1179.0,1751.0,-53.0
1214,15221.0,1185.0,1747.0,-32.0
1215,15236.0,1194.0,1752.0,-27.0
1216,15248.0,1197.0,1769.0,-35.0
1217,15252.0,1206.0,1767.0,-170.0
1218,15248.0,1212.0,1765.0,-69.0
1219,15254.0,1212.0,1774.0,-28.0
1220,15248.0,1214.0,1772.0,-17.0
1221,15254.0,1225.0,1772.0,26.0
1222,15254.0,1224.0,1776.0,-27.0
1223,15246.0,1223.0,1772.0,-112.0
1224,15246.0,1235.0,1766.0,-111.0
1225,15247.0,1233.0,1768.0,-137.0
1226,15243.0,1233.0,1775.0,-118.0
1227,15248.0,1245.0,1774.0,-47.0
1228,15260.0,1256.0,1781.0,-28.0
1229,15257.0,1253.0,1783.0,-31.0
1230,15259.0,1261.0,1782.0,-8.0
1231,15257.0,1269.0,1779.0,10.0
1232,15245.0,1261.0,1777.0,-14.0
1233,15244.0,1253.0,1780.0,-41.0
1234,15239.0,1260.0,1781.0,-2.0
1235,15249.0,1265.0,1788.0,-58.0
1236,15237.0,1257.0,1787.0,-97.0
1237,15229.0,1247.0,1789.0,27.0
1238,15217.0,1240.0,1787.0,-17.0
1239,15214.0,1248.0,1783.0,-25.0
1240,15229.0,1260.0,1790.0,-7.0
1241,15237.0,1262.0,1798.0,-36.0
1242,15238.0,1258.0,1807.0,-54.0
1243,15235.0,1257.0,1806.0,-30.0
1244,15248.0,1270.0,1809.0,0.0
1245,15240.0,1266.0,1808.0,-28.0
1246,15242.0,1264.0,1813.0,-66.0
1247,15244.0,1270.0,1813.0,-12.0
1248,15246.0,1279.0,1812.0,-1.0
1249,15252.0,1277.0,1818.0,-5.0
1250,15243.0,1276.0,1821.0,-45.0
1251,15248.0,1285.0,1822.0,22.0
1252,15238.0,1280.0,1820.0,26.0
1253,15245.0,1279.0,1828.0,11.0
1254,15250.0,1289.0,1828.0,45.0
1255,15256.0,1295.0,1831.0,34.0
1256,15253.0,1288.0,1835.0,14.0
1257,15252.0,1289.0,1835.0,35.0
1258,15256.0,1291.0,1839.0,85.0
1259,15257.0,1295.0,1841.0,72.0
1260,15262.0,1292.0,1849.0,52.0
1261,15250.0,1282.0,1848.0,66.0
1262,15242.0,1280.0,1844.0,53.0
1263,15237.0,1283.0,1841.0,68.0
1264,15233.0,1286.0,1838.0,96.0
1265,15223.0,1280.0,1836.0,55.0
1266,15223.0,1277.0,1840.0,50.0
1267,15211.0,1277.0,1833.0,49.0
1268,15208.0,1285.0,1828.0,64.0
1269,15203.0,1278.0,1830.0,44.0
1270,15193.0,1273.0,1828.0,24.0
1271,15187.0,1277.0,1823.0,40.0
1272,15181.0,1281.0,1818.0,57.0
1273,15183.0,1281.0,1821.0,41.0
1274,15181.0,1277.0,1824.0,20.0
1275,15173.0,1269.0,1824.0,-46.0
1276,15174.0,1272.0,1825.0,22.0
1277,15161.0,1275.0,1816.0,43.0
1278,15160.0,1279.0,1814.0,15.0
1279,15147.0,1275.0,1809.0,16.0
1280,15157.0,1272.0,1820.0,18.0
1281,15156.0,1275.0,1823.0,28.0
1282,15156.0,1279.0,1817.0,75.0
1283,15154.0,1282.0,1820.0,67.0
1284,15152.0,1270.0,1826.0,36.0
1285,15143.0,1271.0,1818.0,23.0
1286,15145.0,1281.0,1817.0,33.0
1287,15138.0,1278.0,1815.0,22.0
1288,15132.0,1276.0,1814.0,12.0
1289,15132.0,1282.0,1810.0,24.0
1290,15120.0,1288.0,1802.0,49.0
1291,15123.0,1278.0,1809.0,10.0
1292,15112.0,1283.0,1801.0,13.0
1293,15115.0,1293.0,1803.0,60.0
1294,15108.0,1295.0,1799.0,39.0
1295,15109.0,1292.0,1801.0,59.0
1296,15104.0,1290.0,1798.0,42.0
1297,15102.0,1290.0,1800.0,30.0
1298,15092.0,1296.0,1792.0,26.0
1299,15098.0,1302.0,1793.0,35.0
1300,15094.0,1296.0,1794.0,40.0
1301,15086.0,1293.0,1793.0,24.0
1302,15082.0,1290.0,1791.0,-22.0
1303,15081.0,1299.0,1788.0,22.0
1304,15083.0,1303.0,1793.0,48.0
1305,15087.0,1308.0,1793.0,26.0
1306,15076.0,1303.0,1788.0,30.0
1307,15068.0,1299.0,1787.0,22.0
1308,15066.0,1303.0,1782.0,20.0
1309,15058.0,1305.0,1778.0,36.0
1310,15056.0,1309.0,1778.0,41.0
1311,15054.0,1303.0,1784.0,19.0
1312,15043.0,1298.0,1777.0,-17.0
1313,15036.0,1305.0,1768.0,23.0
1314,15036.0,1311.0,1771.0,26.0
1315,15025.0,1309.0,1765.0,51.0
1316,15020.0,1307.0,1764.0,49.0
1317,15015.0,1307.0,1764.0,45.0
1318,15013.0,1304.0,1766.0,69.0
1319,15009.0,1299.0,1768.0,55.0
1320,15005.0,1303.0,1765.0,63.0
1321,15006.0,1300.0,1765.0,62.0
1322,14995.0,1302.0,1764.0,67.0
1323,14996.0,1303.0,1762.0,83.0
1324,14977.0,1303.0,1757.0,77.0
1325,14969.0,1291.0,1756.0,-54.0
1326,14966.0,1289.0,1758.0,-41.0
1327,14957.0,1281.0,1752.0,-58.0
1328,14957.0,1286.0,1755.0,-61.0
1329,14957.0,1295.0,1755.0,86.0
1330,14945.0,1293.0,1751.0,63.0
1331,14952.0,1300.0,1754.0,72.0
1332,14947.0,1293.0,1759.0,86.0
1333,14948.0,1289.0,1764.0,90.0
1334,14947.0,1291.0,1765.0,94.0
1335,14954.0,1300.0,1769.0,84.0
1336,14954.0,1300.0,1772.0,100.0
1337,14949.0,1290.0,1774.0,94.0
1338,14954.0,1289.0,1780.0,90.0
1339,14952.0,1293.0,1782.0,100.0
1340,14956.0,1304.0,1785.0,90.0
1341,14954.0,1300.0,1787.0,125.0
1342,14953.0,1297.0,1786.0,120.0
1343,14947.0,1293.0,1787.0,133.0
1344,14937.0,1295.0,1786.0,112.0
1345,14949.0,1305.0,1792.0,108.0
1346,14948.0,1299.0,1792.0,123.0
1347,14950.0,1296.0,1799.0,129.0
1348,14946.0,1289.0,1802.0,144.0
1349,14939.0,1292.0,1799.0,151.0
1350,14944.0,1295.0,1804.0,152.0
1351,14943.0,1291.0,1807.0,149.0
1352,14944.0,1292.0,1813.0,154.0
1353,14941.0,1288.0,1814.0,169.0
1354,14934.0,1288.0,1815.0,180.0
1355,14932.0,1281.0,1820.0,184.0
1356,14927.0,1279.0,1819.0,193.0
1357,14919.0,1279.0,1817.0,222.0
1358,14923.0,1282.0,1818.0,177.0
1359,14925.0,1287.0,1823.0,187.0
1360,14920.0,1287.0,1823.0,171.0
1361,14921.0,1289.0,1829.0,176.0
1362,14914.0,1287.0,1828.0,195.0
1363,14917.0,1282.0,1831.0,204.0
1364,14912.0,1278.0,1833.0,227.0
1365,14903.0,1278.0,1833.0,220.0
1366,14899.0,1282.0,1834.0,223.0
1367,14895.0,1287.0,1834.0,229.0
1368,14892.0,1292.0,1834.0,235.0
1369,14885.0,1297.0,1828.0,238.0
1370,14883.0,1301.0,1827.0,231.0
1371,14885.0,1308.0,1829.0,246.0
1372,14881.0,1311.0,1835.0,239.0
1373,14888.0,1308.0,1843.0,237.0
1374,14884.0,1311.0,1841.0,229.0
1375,14889.0,1309.0,1850.0,256.0
1376,14876.0,1311.0,1846.0,268.0
1377,14877.0,1320.0,1844.0,256.0
1378,14878.0,1324.0,1847.0,270.0
1379,14876.0,1327.0,1851.0,270.0
1380,14875.0,1326.0,1851.0,278.0
1381,14872.0,1322.0,1854.0,298.0
1382,14876.0,1315.0,1864.0,319.0
1383,14870.0,1314.0,1862.0,314.0
1384,14876.0,1321.0,1866.0,312.0
1385,14871.0,1325.0,1867.0,308.0
1386,14874.0,1323.0,1874.0,304.0
1387,14871.0,1319.0,1876.0,309.0
1388,14872.0,1322.0,1879.0,333.0
1389,14874.0,1330.0,1880.0,316.0
1390,14869.0,1337.0,1879.0,327.0
1391,14859.0,1329.0,1879.0,335.0
1392,14858.0,1328.0,1878.0,334.0
1393,14846.0,1323.0,1872.0,356.0
1394,14849.0,1330.0,1876.0,366.0
1395,14843.0,1340.0,1874.0,339.0
1396,14850.0,1342.0,1878.0,351.0
1397,14843.0,1326.0,1880.0,369.0
1398,14841.0,1335.0,1881.0,378.0
1399,14835.0,1342.0,1878.0,393.0
1400,14835.0,1346.0,1880.0,387.0
1401,14833.0,1343.0,1880.0,406.0
1402,14829.0,1338.0,1883.0,373.0
1403,14827.0,1333.0,1884.0,384.0
1404,14828.0,1322.0,1887.0,405.0
1405,14819.0,1323.0,1886.0,400.0
1406,14822.0,1323.0,1888.0,406.0
1407,14818.0,1333.0,1888.0,404.0
1408,14818.0,1336.0,1886.0,427.0
1409,14814.0,1339.0,1887.0,398.0
1410,14810.0,1325.0,1888.0,386.0
1411,14806.0,1330.0,1884.0,404.0
1412,14801.0,1339.0,1882.0,393.0
1413,14801.0,1334.0,1886.0,407.0
1414,14791.0,1326.0,1882.0,400.0
1415,14785.0,1326.0,1881.0,413.0
1416,14779.0,1335.0,1875.0,372.0
1417,14772.0,1330.0,1873.0,369.0
1418,14766.0,1320.0,1871.0,390.0
1419,14761.0,1319.0,1867.0,380.0
1420,14761.0,1330.0,1868.0,383.0
1421,14762.0,1328.0,1869.0,371.0
1422,14763.0,1320.0,1871.0,365.0
1423,14758.0,1315.0,1867.0,352.0
1424,14762.0,1326.0,1873.0,369.0
1425,14755.0,1330.0,1869.0,354.0
1426,14755.0,1327.0,1868.0,343.0
1427,14757.0,1318.0,1868.0,325.0
1428,14755.0,1329.0,1871.0,329.0
1429,14746.0,1332.0,1863.0,317.0
1430,14752.0,1326.0,1871.0,293.0
1431,14748.0,1323.0,1867.0,273.0
1432,14748.0,1328.0,1870.0,287.0
1433,14744.0,1336.0,1866.0,290.0
1434,14742.0,1338.0,1869.0,279.0
1435,14745.0,1333.0,1869.0,252.0
1436,14745.0,1329.0,1872.0,257.0
1437,14739.0,1334.0,1864.0,259.0
1438,14731.0,1341.0,1862.0,256.0
1439,14723.0,1337.0,1860.0,244.0
1440,14719.0,1335.0,1855.0,205.0
1441,14712.0,1330.0,1854.0,196.0
1442,14709.0,1331.0,1854.0,180.0
1443,14708.0,1339.0,1850.0,206.0
1444,14706.0,1344.0,1851.0,192.0
1445,14701.0,1338.0,1851.0,175.0
1446,14694.0,1334.0,1848.0,152.0
1447,14699.0,1336.0,1849.0,160.0
1448,14695.0,1347.0,1848.0,170.0
1449,14691.0,1346.0,1848.0,157.0
1450,14682.0,1328.0,1845.0,108.0
1451,14671.0,1331.0,1834.0,122.0
1452,14677.0,1341.0,1840.0,125.0
1453,14670.0,1348.0,1837.0,91.0
1454,14672.0,1338.0,1840.0,53.0
1455,14664.0,1334.0,1838.0,48.0
1456,14666.0,1343.0,1840.0,74.0
1457,14658.0,1347.0,1830.0,71.0
1458,14651.0,1346.0,1827.0,65.0
1459,14648.0,1336.0,1827.0,24.0
1460,14644.0,1336.0,1827.0,-9.0
1461,14645.0,1348.0,1829.0,18.0
1462,14643.0,1355.0,1829.0,30.0
1463,14647.0,1351.0,1834.0,-16.0
1464,14634.0,1346.0,1827.0,-28.0
1465,14627.0,1345.0,1823.0,-32.0
1466,14630.0,1356.0,1825.0,-4.0
1467,14624.0,1365.0,1817.0,-29.0
1468,14623.0,1354.0,1819.0,-79.0
1469,14621.0,1356.0,1820.0,-63.0
1470,14620.0,1360.0,1820.0,-38.0
1471,14612.0,1372.0,1816.0,-31.0
1472,14613.0,1365.0,1819.0,-73.0
1473,14604.0,1363.0,1814.0,-99.0
1474,14607.0,1368.0,1818.0,-88.0
1475,14599.0,1382.0,1813.0,-71.0
1476,14592.0,1374.0,1810.0,-218.0
1477,14594.0,1375.0,1814.0,-180.0
1478,14593.0,1385.0,1815.0,-99.0
1479,14589.0,1380.0,1814.0,-110.0
1480,14582.0,1376.0,1812.0,-144.0
1481,14586.0,1376.0,1816.0,-146.0
1482,14573.0,1385.0,1807.0,-127.0
1483,14573.0,1387.0,1809.0,-148.0
1484,14563.0,1376.0,1798.0,-176.0
1485,14565.0,1384.0,1801.0,-162.0
1486,14567.0,1391.0,1804.0,-142.0
1487,14565.0,1378.0,1804.0,-206.0
1488,14564.0,1392.0,1806.0,-191.0
1489,14558.0,1391.0,1803.0,-163.0
1490,14556.0,1384.0,1804.0,-210.0
1491,14557.0,1386.0,1806.0,-196.0
1492,14555.0,1389.0,1806.0,-188.0
1493,14554.0,1393.0,1807.0,-198.0
1494,14546.0,1382.0,1804.0,-247.0
1495,14545.0,1386.0,1805.0,-265.0
1496,14542.0,1390.0,1803.0,-228.0
1497,14545.0,1399.0,1807.0,-236.0
1498,14538.0,1387.0,1805.0,-265.0
1499,14534.0,1386.0,1804.0,-277.0
1500,14540.0,1398.0,1809.0,-230.0
1501,14530.0,1399.0,1804.0,-244.0
1502,14531.0,1389.0,1807.0,-297.0
1503,14532.0,1393.0,1809.0,-256.0
1504,14531.0,1399.0,1810.0,-245.0
1505,14523.0,1393.0,1807.0,-251.0
1506,14524.0,1388.0,1809.0,-289.0
1507,14519.0,1396.0,1807.0,-249.0
1508,14511.0,1403.0,1803.0,-242.0
1509,14508.0,1399.0,1804.0,-262.0
1510,14500.0,1391.0,1800.0,-276.0
1511,14495.0,1397.0,1799.0,-264.0
1512,14500.0,1406.0,1802.0,-270.0
1513,14489.0,1403.0,1797.0,-246.0
1514,14493.0,1394.0,1802.0,-292.0
1515,14480.0,1396.0,1789.0,-293.0
1516,14484.0,1407.0,1793.0,-266.0
1517,14490.0,1407.0,1799.0,-297.0
1518,14481.0,1403.0,1795.0,-279.0
1519,14478.0,1408.0,1795.0,-265.0
1520,14479.0,1400.0,1804.0,-297.0
1521,14472.0,1402.0,1802.0,-272.0
1522,14465.0,1408.0,1799.0,-251.0
1523,14471.0,1400.0,1805.0,-286.0
1524,14471.0,1401.0,1806.0,-292.0
